Date,Close,Open
2020-01-02 00:00:00+00:00,75.0875015258789,74.05999755859375
2020-01-03 00:00:00+00:00,74.35749816894531,74.2874984741211
2020-01-06 00:00:00+00:00,74.94999694824219,73.44750213623047
2020-01-07 00:00:00+00:00,74.59750366210938,74.95999908447266
2020-01-08 00:00:00+00:00,75.79750061035156,74.29000091552734
2020-01-09 00:00:00+00:00,77.40750122070312,76.80999755859375
2020-01-10 00:00:00+00:00,77.5824966430664,77.6500015258789
2020-01-13 00:00:00+00:00,79.23999786376953,77.91000366210938
2020-01-14 00:00:00+00:00,78.16999816894531,79.17500305175781
2020-01-15 00:00:00+00:00,77.83499908447266,77.9625015258789
2020-01-16 00:00:00+00:00,78.80999755859375,78.39749908447266
2020-01-17 00:00:00+00:00,79.68250274658203,79.06749725341797
2020-01-21 00:00:00+00:00,79.14250183105469,79.29750061035156
2020-01-22 00:00:00+00:00,79.42500305175781,79.6449966430664
2020-01-23 00:00:00+00:00,79.80750274658203,79.4800033569336
2020-01-24 00:00:00+00:00,79.57749938964844,80.0625
2020-01-27 00:00:00+00:00,77.23750305175781,77.51499938964844
2020-01-28 00:00:00+00:00,79.42250061035156,78.1500015258789
2020-01-29 00:00:00+00:00,81.08499908447266,81.11250305175781
2020-01-30 00:00:00+00:00,80.96749877929688,80.13500213623047
2020-01-31 00:00:00+00:00,77.37750244140625,80.23249816894531
2020-02-03 00:00:00+00:00,77.16500091552734,76.07499694824219
2020-02-04 00:00:00+00:00,79.7125015258789,78.82749938964844
2020-02-05 00:00:00+00:00,80.36250305175781,80.87999725341797
2020-02-06 00:00:00+00:00,81.30249786376953,80.64250183105469
2020-02-07 00:00:00+00:00,80.00749969482422,80.59249877929688
2020-02-10 00:00:00+00:00,80.38749694824219,78.54499816894531
2020-02-11 00:00:00+00:00,79.90249633789062,80.9000015258789
2020-02-12 00:00:00+00:00,81.80000305175781,80.36750030517578
2020-02-13 00:00:00+00:00,81.21749877929688,81.04750061035156
2020-02-14 00:00:00+00:00,81.23750305175781,81.18499755859375
2020-02-18 00:00:00+00:00,79.75,78.83999633789062
2020-02-19 00:00:00+00:00,80.90499877929688,80.0
2020-02-20 00:00:00+00:00,80.07499694824219,80.65750122070312
2020-02-21 00:00:00+00:00,78.26249694824219,79.65499877929688
2020-02-24 00:00:00+00:00,74.54499816894531,74.31500244140625
2020-02-25 00:00:00+00:00,72.0199966430664,75.23750305175781
2020-02-26 00:00:00+00:00,73.1624984741211,71.63249969482422
2020-02-27 00:00:00+00:00,68.37999725341797,70.2750015258789
2020-02-28 00:00:00+00:00,68.33999633789062,64.31500244140625
2020-03-02 00:00:00+00:00,74.70249938964844,70.56999969482422
2020-03-03 00:00:00+00:00,72.33000183105469,75.9175033569336
2020-03-04 00:00:00+00:00,75.68499755859375,74.11000061035156
2020-03-05 00:00:00+00:00,73.2300033569336,73.87999725341797
2020-03-06 00:00:00+00:00,72.25749969482422,70.5
2020-03-09 00:00:00+00:00,66.5425033569336,65.9375
2020-03-10 00:00:00+00:00,71.33499908447266,69.28500366210938
2020-03-11 00:00:00+00:00,68.85749816894531,69.34750366210938
2020-03-12 00:00:00+00:00,62.057498931884766,63.98500061035156
2020-03-13 00:00:00+00:00,69.49250030517578,66.22250366210938
2020-03-16 00:00:00+00:00,60.5525016784668,60.48749923706055
2020-03-17 00:00:00+00:00,63.21500015258789,61.877498626708984
2020-03-18 00:00:00+00:00,61.66749954223633,59.942501068115234
2020-03-19 00:00:00+00:00,61.19499969482422,61.84749984741211
2020-03-20 00:00:00+00:00,57.310001373291016,61.79499816894531
2020-03-23 00:00:00+00:00,56.092498779296875,57.02000045776367
2020-03-24 00:00:00+00:00,61.720001220703125,59.09000015258789
2020-03-25 00:00:00+00:00,61.380001068115234,62.6875
2020-03-26 00:00:00+00:00,64.61000061035156,61.630001068115234
2020-03-27 00:00:00+00:00,61.935001373291016,63.1875
2020-03-30 00:00:00+00:00,63.70249938964844,62.685001373291016
2020-03-31 00:00:00+00:00,63.5724983215332,63.900001525878906
2020-04-01 00:00:00+00:00,60.227500915527344,61.625
2020-04-02 00:00:00+00:00,61.23249816894531,60.084999084472656
2020-04-03 00:00:00+00:00,60.352500915527344,60.70000076293945
2020-04-06 00:00:00+00:00,65.61750030517578,62.724998474121094
2020-04-07 00:00:00+00:00,64.85749816894531,67.69999694824219
2020-04-08 00:00:00+00:00,66.51750183105469,65.68499755859375
2020-04-09 00:00:00+00:00,66.99749755859375,67.17500305175781
2020-04-13 00:00:00+00:00,68.3125,67.07749938964844
2020-04-14 00:00:00+00:00,71.76249694824219,70.0
2020-04-15 00:00:00+00:00,71.10749816894531,70.5999984741211
2020-04-16 00:00:00+00:00,71.67250061035156,71.84500122070312
2020-04-17 00:00:00+00:00,70.69999694824219,71.17250061035156
2020-04-20 00:00:00+00:00,69.23249816894531,69.48750305175781
2020-04-21 00:00:00+00:00,67.09249877929688,69.06999969482422
2020-04-22 00:00:00+00:00,69.0250015258789,68.40249633789062
2020-04-23 00:00:00+00:00,68.75749969482422,68.96749877929688
2020-04-24 00:00:00+00:00,70.74250030517578,69.30000305175781
2020-04-27 00:00:00+00:00,70.7925033569336,70.44999694824219
2020-04-28 00:00:00+00:00,69.6449966430664,71.2699966430664
2020-04-29 00:00:00+00:00,71.93250274658203,71.18250274658203
2020-04-30 00:00:00+00:00,73.44999694824219,72.48999786376953
2020-05-01 00:00:00+00:00,72.26750183105469,71.5625
2020-05-04 00:00:00+00:00,73.29000091552734,72.2925033569336
2020-05-05 00:00:00+00:00,74.38999938964844,73.76499938964844
2020-05-06 00:00:00+00:00,75.15750122070312,75.11499786376953
2020-05-07 00:00:00+00:00,75.93499755859375,75.80500030517578
2020-05-08 00:00:00+00:00,77.53250122070312,76.41000366210938
2020-05-11 00:00:00+00:00,78.75250244140625,77.0250015258789
2020-05-12 00:00:00+00:00,77.85250091552734,79.4574966430664
2020-05-13 00:00:00+00:00,76.9124984741211,78.0374984741211
2020-05-14 00:00:00+00:00,77.38500213623047,76.12750244140625
2020-05-15 00:00:00+00:00,76.92749786376953,75.0875015258789
2020-05-18 00:00:00+00:00,78.73999786376953,78.2925033569336
2020-05-19 00:00:00+00:00,78.28500366210938,78.75749969482422
2020-05-20 00:00:00+00:00,79.80750274658203,79.16999816894531
2020-05-21 00:00:00+00:00,79.2125015258789,79.66500091552734
2020-05-22 00:00:00+00:00,79.72250366210938,78.94249725341797
2020-05-26 00:00:00+00:00,79.18250274658203,80.875
2020-05-27 00:00:00+00:00,79.52749633789062,79.03500366210938
2020-05-28 00:00:00+00:00,79.5625,79.19249725341797
2020-05-29 00:00:00+00:00,79.48500061035156,79.8125
2020-06-01 00:00:00+00:00,80.4625015258789,79.4375
2020-06-02 00:00:00+00:00,80.83499908447266,80.1875
2020-06-03 00:00:00+00:00,81.27999877929688,81.16500091552734
2020-06-04 00:00:00+00:00,80.58000183105469,81.09750366210938
2020-06-05 00:00:00+00:00,82.875,80.8375015258789
2020-06-08 00:00:00+00:00,83.36499786376953,82.5625
2020-06-09 00:00:00+00:00,85.99749755859375,83.03500366210938
2020-06-10 00:00:00+00:00,88.20999908447266,86.9749984741211
2020-06-11 00:00:00+00:00,83.9749984741211,87.32749938964844
2020-06-12 00:00:00+00:00,84.69999694824219,86.18000030517578
2020-06-15 00:00:00+00:00,85.74749755859375,83.3125
2020-06-16 00:00:00+00:00,88.0199966430664,87.86499786376953
2020-06-17 00:00:00+00:00,87.89749908447266,88.7874984741211
2020-06-18 00:00:00+00:00,87.93250274658203,87.85250091552734
2020-06-19 00:00:00+00:00,87.43000030517578,88.66000366210938
2020-06-22 00:00:00+00:00,89.71749877929688,87.83499908447266
2020-06-23 00:00:00+00:00,91.63249969482422,91.0
2020-06-24 00:00:00+00:00,90.01499938964844,91.25
2020-06-25 00:00:00+00:00,91.20999908447266,90.17500305175781
2020-06-26 00:00:00+00:00,88.40750122070312,91.10250091552734
2020-06-29 00:00:00+00:00,90.44499969482422,88.3125
2020-06-30 00:00:00+00:00,91.19999694824219,90.0199966430664
2020-07-01 00:00:00+00:00,91.02749633789062,91.27999877929688
2020-07-02 00:00:00+00:00,91.02749633789062,91.9625015258789
2020-07-06 00:00:00+00:00,93.4625015258789,92.5
2020-07-07 00:00:00+00:00,93.17250061035156,93.85250091552734
2020-07-08 00:00:00+00:00,95.34249877929688,94.18000030517578
2020-07-09 00:00:00+00:00,95.75250244140625,96.26249694824219
2020-07-10 00:00:00+00:00,95.91999816894531,95.33499908447266
2020-07-13 00:00:00+00:00,95.47750091552734,97.26499938964844
2020-07-14 00:00:00+00:00,97.05750274658203,94.83999633789062
2020-07-15 00:00:00+00:00,97.7249984741211,98.98999786376953
2020-07-16 00:00:00+00:00,96.52249908447266,96.5625
2020-07-17 00:00:00+00:00,96.32749938964844,96.98750305175781
2020-07-20 00:00:00+00:00,98.35749816894531,96.4175033569336
2020-07-21 00:00:00+00:00,97.0,99.17250061035156
2020-07-22 00:00:00+00:00,97.27249908447266,96.69249725341797
2020-07-23 00:00:00+00:00,92.84500122070312,96.99749755859375
2020-07-24 00:00:00+00:00,92.61499786376953,90.98750305175781
2020-07-27 00:00:00+00:00,94.80999755859375,93.70999908447266
2020-07-28 00:00:00+00:00,93.25250244140625,94.36750030517578
2020-07-29 00:00:00+00:00,95.04000091552734,93.75
2020-07-30 00:00:00+00:00,96.19000244140625,94.1875
2020-07-31 00:00:00+00:00,106.26000213623047,102.88500213623047
2020-08-03 00:00:00+00:00,108.9375,108.19999694824219
2020-08-04 00:00:00+00:00,109.66500091552734,109.13249969482422
2020-08-05 00:00:00+00:00,110.0625,109.37750244140625
2020-08-06 00:00:00+00:00,113.90249633789062,110.40499877929688
2020-08-07 00:00:00+00:00,111.11250305175781,113.20500183105469
2020-08-10 00:00:00+00:00,112.72750091552734,112.5999984741211
2020-08-11 00:00:00+00:00,109.375,111.97000122070312
2020-08-12 00:00:00+00:00,113.01000213623047,110.49749755859375
2020-08-13 00:00:00+00:00,115.01000213623047,114.43000030517578
2020-08-14 00:00:00+00:00,114.90750122070312,114.83000183105469
2020-08-17 00:00:00+00:00,114.60749816894531,116.0625
2020-08-18 00:00:00+00:00,115.5625,114.35250091552734
2020-08-19 00:00:00+00:00,115.7074966430664,115.98249816894531
2020-08-20 00:00:00+00:00,118.2750015258789,115.75
2020-08-21 00:00:00+00:00,124.37000274658203,119.26249694824219
2020-08-24 00:00:00+00:00,125.85749816894531,128.69749450683594
2020-08-25 00:00:00+00:00,124.82499694824219,124.69750213623047
2020-08-26 00:00:00+00:00,126.52249908447266,126.18000030517578
2020-08-27 00:00:00+00:00,125.01000213623047,127.14250183105469
2020-08-28 00:00:00+00:00,124.80750274658203,126.01249694824219
2020-08-31 00:00:00+00:00,129.0399932861328,127.58000183105469
2020-09-01 00:00:00+00:00,134.17999267578125,132.75999450683594
2020-09-02 00:00:00+00:00,131.39999389648438,137.58999633789062
2020-09-03 00:00:00+00:00,120.87999725341797,126.91000366210938
2020-09-04 00:00:00+00:00,120.95999908447266,120.06999969482422
2020-09-08 00:00:00+00:00,112.81999969482422,113.94999694824219
2020-09-09 00:00:00+00:00,117.31999969482422,117.26000213623047
2020-09-10 00:00:00+00:00,113.48999786376953,120.36000061035156
2020-09-11 00:00:00+00:00,112.0,114.56999969482422
2020-09-14 00:00:00+00:00,115.36000061035156,114.72000122070312
2020-09-15 00:00:00+00:00,115.54000091552734,118.33000183105469
2020-09-16 00:00:00+00:00,112.12999725341797,115.2300033569336
2020-09-17 00:00:00+00:00,110.33999633789062,109.72000122070312
2020-09-18 00:00:00+00:00,106.83999633789062,110.4000015258789
2020-09-21 00:00:00+00:00,110.08000183105469,104.54000091552734
2020-09-22 00:00:00+00:00,111.80999755859375,112.68000030517578
2020-09-23 00:00:00+00:00,107.12000274658203,111.62000274658203
2020-09-24 00:00:00+00:00,108.22000122070312,105.16999816894531
2020-09-25 00:00:00+00:00,112.27999877929688,108.43000030517578
2020-09-28 00:00:00+00:00,114.95999908447266,115.01000213623047
2020-09-29 00:00:00+00:00,114.08999633789062,114.55000305175781
2020-09-30 00:00:00+00:00,115.80999755859375,113.79000091552734
2020-10-01 00:00:00+00:00,116.79000091552734,117.63999938964844
2020-10-02 00:00:00+00:00,113.0199966430664,112.88999938964844
2020-10-05 00:00:00+00:00,116.5,113.91000366210938
2020-10-06 00:00:00+00:00,113.16000366210938,115.69999694824219
2020-10-07 00:00:00+00:00,115.08000183105469,114.62000274658203
2020-10-08 00:00:00+00:00,114.97000122070312,116.25
2020-10-09 00:00:00+00:00,116.97000122070312,115.27999877929688
2020-10-12 00:00:00+00:00,124.4000015258789,120.05999755859375
2020-10-13 00:00:00+00:00,121.0999984741211,125.2699966430664
2020-10-14 00:00:00+00:00,121.19000244140625,121.0
2020-10-15 00:00:00+00:00,120.70999908447266,118.72000122070312
2020-10-16 00:00:00+00:00,119.0199966430664,121.27999877929688
2020-10-19 00:00:00+00:00,115.9800033569336,119.95999908447266
2020-10-20 00:00:00+00:00,117.51000213623047,116.19999694824219
2020-10-21 00:00:00+00:00,116.87000274658203,116.66999816894531
2020-10-22 00:00:00+00:00,115.75,117.44999694824219
2020-10-23 00:00:00+00:00,115.04000091552734,116.38999938964844
2020-10-26 00:00:00+00:00,115.05000305175781,114.01000213623047
2020-10-27 00:00:00+00:00,116.5999984741211,115.48999786376953
2020-10-28 00:00:00+00:00,111.19999694824219,115.05000305175781
2020-10-29 00:00:00+00:00,115.31999969482422,112.37000274658203
2020-10-30 00:00:00+00:00,108.86000061035156,111.05999755859375
2020-11-02 00:00:00+00:00,108.7699966430664,109.11000061035156
2020-11-03 00:00:00+00:00,110.44000244140625,109.66000366210938
2020-11-04 00:00:00+00:00,114.94999694824219,114.13999938964844
2020-11-05 00:00:00+00:00,119.02999877929688,117.94999694824219
2020-11-06 00:00:00+00:00,118.69000244140625,118.31999969482422
2020-11-09 00:00:00+00:00,116.31999969482422,120.5
2020-11-10 00:00:00+00:00,115.97000122070312,115.55000305175781
2020-11-11 00:00:00+00:00,119.48999786376953,117.19000244140625
2020-11-12 00:00:00+00:00,119.20999908447266,119.62000274658203
2020-11-13 00:00:00+00:00,119.26000213623047,119.44000244140625
2020-11-16 00:00:00+00:00,120.30000305175781,118.91999816894531
2020-11-17 00:00:00+00:00,119.38999938964844,119.55000305175781
2020-11-18 00:00:00+00:00,118.02999877929688,118.61000061035156
2020-11-19 00:00:00+00:00,118.63999938964844,117.58999633789062
2020-11-20 00:00:00+00:00,117.33999633789062,118.63999938964844
2020-11-23 00:00:00+00:00,113.8499984741211,117.18000030517578
2020-11-24 00:00:00+00:00,115.16999816894531,113.91000366210938
2020-11-25 00:00:00+00:00,116.02999877929688,115.55000305175781
2020-11-27 00:00:00+00:00,116.58999633789062,116.56999969482422
2020-11-30 00:00:00+00:00,119.05000305175781,116.97000122070312
2020-12-01 00:00:00+00:00,122.72000122070312,121.01000213623047
2020-12-02 00:00:00+00:00,123.08000183105469,122.0199966430664
2020-12-03 00:00:00+00:00,122.94000244140625,123.5199966430664
2020-12-04 00:00:00+00:00,122.25,122.5999984741211
2020-12-07 00:00:00+00:00,123.75,122.30999755859375
2020-12-08 00:00:00+00:00,124.37999725341797,124.37000274658203
2020-12-09 00:00:00+00:00,121.77999877929688,124.52999877929688
2020-12-10 00:00:00+00:00,123.23999786376953,120.5
2020-12-11 00:00:00+00:00,122.41000366210938,122.43000030517578
2020-12-14 00:00:00+00:00,121.77999877929688,122.5999984741211
2020-12-15 00:00:00+00:00,127.87999725341797,124.33999633789062
2020-12-16 00:00:00+00:00,127.80999755859375,127.41000366210938
2020-12-17 00:00:00+00:00,128.6999969482422,128.89999389648438
2020-12-18 00:00:00+00:00,126.66000366210938,128.9600067138672
2020-12-21 00:00:00+00:00,128.22999572753906,125.0199966430664
2020-12-22 00:00:00+00:00,131.8800048828125,131.61000061035156
2020-12-23 00:00:00+00:00,130.9600067138672,132.16000366210938
2020-12-24 00:00:00+00:00,131.97000122070312,131.32000732421875
2020-12-28 00:00:00+00:00,136.69000244140625,133.99000549316406
2020-12-29 00:00:00+00:00,134.8699951171875,138.0500030517578
2020-12-30 00:00:00+00:00,133.72000122070312,135.5800018310547
2020-12-31 00:00:00+00:00,132.69000244140625,134.0800018310547
2021-01-04 00:00:00+00:00,129.41000366210938,133.52000427246094
2021-01-05 00:00:00+00:00,131.00999450683594,128.88999938964844
2021-01-06 00:00:00+00:00,126.5999984741211,127.72000122070312
2021-01-07 00:00:00+00:00,130.9199981689453,128.36000061035156
2021-01-08 00:00:00+00:00,132.0500030517578,132.42999267578125
2021-01-11 00:00:00+00:00,128.97999572753906,129.19000244140625
2021-01-12 00:00:00+00:00,128.8000030517578,128.5
2021-01-13 00:00:00+00:00,130.88999938964844,128.75999450683594
2021-01-14 00:00:00+00:00,128.91000366210938,130.8000030517578
2021-01-15 00:00:00+00:00,127.13999938964844,128.77999877929688
2021-01-19 00:00:00+00:00,127.83000183105469,127.77999877929688
2021-01-20 00:00:00+00:00,132.02999877929688,128.66000366210938
2021-01-21 00:00:00+00:00,136.8699951171875,133.8000030517578
2021-01-22 00:00:00+00:00,139.07000732421875,136.27999877929688
2021-01-25 00:00:00+00:00,142.9199981689453,143.07000732421875
2021-01-26 00:00:00+00:00,143.16000366210938,143.60000610351562
2021-01-27 00:00:00+00:00,142.05999755859375,143.42999267578125
2021-01-28 00:00:00+00:00,137.08999633789062,139.52000427246094
2021-01-29 00:00:00+00:00,131.9600067138672,135.8300018310547
2021-02-01 00:00:00+00:00,134.13999938964844,133.75
2021-02-02 00:00:00+00:00,134.99000549316406,135.72999572753906
2021-02-03 00:00:00+00:00,133.94000244140625,135.75999450683594
2021-02-04 00:00:00+00:00,137.38999938964844,136.3000030517578
2021-02-05 00:00:00+00:00,136.75999450683594,137.35000610351562
2021-02-08 00:00:00+00:00,136.91000366210938,136.02999877929688
2021-02-09 00:00:00+00:00,136.00999450683594,136.6199951171875
2021-02-10 00:00:00+00:00,135.38999938964844,136.47999572753906
2021-02-11 00:00:00+00:00,135.1300048828125,135.89999389648438
2021-02-12 00:00:00+00:00,135.3699951171875,134.35000610351562
2021-02-16 00:00:00+00:00,133.19000244140625,135.49000549316406
2021-02-17 00:00:00+00:00,130.83999633789062,131.25
2021-02-18 00:00:00+00:00,129.7100067138672,129.1999969482422
2021-02-19 00:00:00+00:00,129.8699951171875,130.24000549316406
2021-02-22 00:00:00+00:00,126.0,128.00999450683594
2021-02-23 00:00:00+00:00,125.86000061035156,123.76000213623047
2021-02-24 00:00:00+00:00,125.3499984741211,124.94000244140625
2021-02-25 00:00:00+00:00,120.98999786376953,124.68000030517578
2021-02-26 00:00:00+00:00,121.26000213623047,122.58999633789062
2021-03-01 00:00:00+00:00,127.79000091552734,123.75
2021-03-02 00:00:00+00:00,125.12000274658203,128.41000366210938
2021-03-03 00:00:00+00:00,122.05999755859375,124.80999755859375
2021-03-04 00:00:00+00:00,120.12999725341797,121.75
2021-03-05 00:00:00+00:00,121.41999816894531,120.9800033569336
2021-03-08 00:00:00+00:00,116.36000061035156,120.93000030517578
2021-03-09 00:00:00+00:00,121.08999633789062,119.02999877929688
2021-03-10 00:00:00+00:00,119.9800033569336,121.69000244140625
2021-03-11 00:00:00+00:00,121.95999908447266,122.54000091552734
2021-03-12 00:00:00+00:00,121.02999877929688,120.4000015258789
2021-03-15 00:00:00+00:00,123.98999786376953,121.41000366210938
2021-03-16 00:00:00+00:00,125.56999969482422,125.69999694824219
2021-03-17 00:00:00+00:00,124.76000213623047,124.05000305175781
2021-03-18 00:00:00+00:00,120.52999877929688,122.87999725341797
2021-03-19 00:00:00+00:00,119.98999786376953,119.9000015258789
2021-03-22 00:00:00+00:00,123.38999938964844,120.33000183105469
2021-03-23 00:00:00+00:00,122.54000091552734,123.33000183105469
2021-03-24 00:00:00+00:00,120.08999633789062,122.81999969482422
2021-03-25 00:00:00+00:00,120.58999633789062,119.54000091552734
2021-03-26 00:00:00+00:00,121.20999908447266,120.3499984741211
2021-03-29 00:00:00+00:00,121.38999938964844,121.6500015258789
2021-03-30 00:00:00+00:00,119.9000015258789,120.11000061035156
2021-03-31 00:00:00+00:00,122.1500015258789,121.6500015258789
2021-04-01 00:00:00+00:00,123.0,123.66000366210938
2021-04-05 00:00:00+00:00,125.9000015258789,123.87000274658203
2021-04-06 00:00:00+00:00,126.20999908447266,126.5
2021-04-07 00:00:00+00:00,127.9000015258789,125.83000183105469
2021-04-08 00:00:00+00:00,130.36000061035156,128.9499969482422
2021-04-09 00:00:00+00:00,133.0,129.8000030517578
2021-04-12 00:00:00+00:00,131.24000549316406,132.52000427246094
2021-04-13 00:00:00+00:00,134.42999267578125,132.44000244140625
2021-04-14 00:00:00+00:00,132.02999877929688,134.94000244140625
2021-04-15 00:00:00+00:00,134.5,133.82000732421875
2021-04-16 00:00:00+00:00,134.16000366210938,134.3000030517578
2021-04-19 00:00:00+00:00,134.83999633789062,133.50999450683594
2021-04-20 00:00:00+00:00,133.11000061035156,135.02000427246094
2021-04-21 00:00:00+00:00,133.5,132.36000061035156
2021-04-22 00:00:00+00:00,131.94000244140625,133.0399932861328
2021-04-23 00:00:00+00:00,134.32000732421875,132.16000366210938
2021-04-26 00:00:00+00:00,134.72000122070312,134.8300018310547
2021-04-27 00:00:00+00:00,134.38999938964844,135.00999450683594
2021-04-28 00:00:00+00:00,133.5800018310547,134.30999755859375
2021-04-29 00:00:00+00:00,133.47999572753906,136.47000122070312
2021-04-30 00:00:00+00:00,131.4600067138672,131.77999877929688
2021-05-03 00:00:00+00:00,132.5399932861328,132.0399932861328
2021-05-04 00:00:00+00:00,127.8499984741211,131.19000244140625
2021-05-05 00:00:00+00:00,128.10000610351562,129.1999969482422
2021-05-06 00:00:00+00:00,129.74000549316406,127.88999938964844
2021-05-07 00:00:00+00:00,130.2100067138672,130.85000610351562
2021-05-10 00:00:00+00:00,126.8499984741211,129.41000366210938
2021-05-11 00:00:00+00:00,125.91000366210938,123.5
2021-05-12 00:00:00+00:00,122.7699966430664,123.4000015258789
2021-05-13 00:00:00+00:00,124.97000122070312,124.58000183105469
2021-05-14 00:00:00+00:00,127.44999694824219,126.25
2021-05-17 00:00:00+00:00,126.2699966430664,126.81999969482422
2021-05-18 00:00:00+00:00,124.8499984741211,126.55999755859375
2021-05-19 00:00:00+00:00,124.69000244140625,123.16000366210938
2021-05-20 00:00:00+00:00,127.30999755859375,125.2300033569336
2021-05-21 00:00:00+00:00,125.43000030517578,127.81999969482422
2021-05-24 00:00:00+00:00,127.0999984741211,126.01000213623047
2021-05-25 00:00:00+00:00,126.9000015258789,127.81999969482422
2021-05-26 00:00:00+00:00,126.8499984741211,126.95999908447266
2021-05-27 00:00:00+00:00,125.27999877929688,126.44000244140625
2021-05-28 00:00:00+00:00,124.61000061035156,125.56999969482422
2021-06-01 00:00:00+00:00,124.27999877929688,125.08000183105469
2021-06-02 00:00:00+00:00,125.05999755859375,124.27999877929688
2021-06-03 00:00:00+00:00,123.54000091552734,124.68000030517578
2021-06-04 00:00:00+00:00,125.88999938964844,124.06999969482422
2021-06-07 00:00:00+00:00,125.9000015258789,126.16999816894531
2021-06-08 00:00:00+00:00,126.73999786376953,126.5999984741211
2021-06-09 00:00:00+00:00,127.12999725341797,127.20999908447266
2021-06-10 00:00:00+00:00,126.11000061035156,127.0199966430664
2021-06-11 00:00:00+00:00,127.3499984741211,126.52999877929688
2021-06-14 00:00:00+00:00,130.47999572753906,127.81999969482422
2021-06-15 00:00:00+00:00,129.63999938964844,129.94000244140625
2021-06-16 00:00:00+00:00,130.14999389648438,130.3699951171875
2021-06-17 00:00:00+00:00,131.7899932861328,129.8000030517578
2021-06-18 00:00:00+00:00,130.4600067138672,130.7100067138672
2021-06-21 00:00:00+00:00,132.3000030517578,130.3000030517578
2021-06-22 00:00:00+00:00,133.97999572753906,132.1300048828125
2021-06-23 00:00:00+00:00,133.6999969482422,133.77000427246094
2021-06-24 00:00:00+00:00,133.41000366210938,134.4499969482422
2021-06-25 00:00:00+00:00,133.11000061035156,133.4600067138672
2021-06-28 00:00:00+00:00,134.77999877929688,133.41000366210938
2021-06-29 00:00:00+00:00,136.3300018310547,134.8000030517578
2021-06-30 00:00:00+00:00,136.9600067138672,136.1699981689453
2021-07-01 00:00:00+00:00,137.27000427246094,136.60000610351562
2021-07-02 00:00:00+00:00,139.9600067138672,137.89999389648438
2021-07-06 00:00:00+00:00,142.02000427246094,140.07000732421875
2021-07-07 00:00:00+00:00,144.57000732421875,143.5399932861328
2021-07-08 00:00:00+00:00,143.24000549316406,141.5800018310547
2021-07-09 00:00:00+00:00,145.11000061035156,142.75
2021-07-12 00:00:00+00:00,144.5,146.2100067138672
2021-07-13 00:00:00+00:00,145.63999938964844,144.02999877929688
2021-07-14 00:00:00+00:00,149.14999389648438,148.10000610351562
2021-07-15 00:00:00+00:00,148.47999572753906,149.24000549316406
2021-07-16 00:00:00+00:00,146.38999938964844,148.4600067138672
2021-07-19 00:00:00+00:00,142.4499969482422,143.75
2021-07-20 00:00:00+00:00,146.14999389648438,143.4600067138672
2021-07-21 00:00:00+00:00,145.39999389648438,145.52999877929688
2021-07-22 00:00:00+00:00,146.8000030517578,145.94000244140625
2021-07-23 00:00:00+00:00,148.55999755859375,147.5500030517578
2021-07-26 00:00:00+00:00,148.99000549316406,148.27000427246094
2021-07-27 00:00:00+00:00,146.77000427246094,149.1199951171875
2021-07-28 00:00:00+00:00,144.97999572753906,144.80999755859375
2021-07-29 00:00:00+00:00,145.63999938964844,144.69000244140625
2021-07-30 00:00:00+00:00,145.86000061035156,144.3800048828125
2021-08-02 00:00:00+00:00,145.52000427246094,146.36000061035156
2021-08-03 00:00:00+00:00,147.36000061035156,145.80999755859375
2021-08-04 00:00:00+00:00,146.9499969482422,147.27000427246094
2021-08-05 00:00:00+00:00,147.05999755859375,146.97999572753906
2021-08-06 00:00:00+00:00,146.13999938964844,146.35000610351562
2021-08-09 00:00:00+00:00,146.08999633789062,146.1999969482422
2021-08-10 00:00:00+00:00,145.60000610351562,146.44000244140625
2021-08-11 00:00:00+00:00,145.86000061035156,146.0500030517578
2021-08-12 00:00:00+00:00,148.88999938964844,146.19000244140625
2021-08-13 00:00:00+00:00,149.10000610351562,148.97000122070312
2021-08-16 00:00:00+00:00,151.1199951171875,148.5399932861328
2021-08-17 00:00:00+00:00,150.19000244140625,150.22999572753906
2021-08-18 00:00:00+00:00,146.36000061035156,149.8000030517578
2021-08-19 00:00:00+00:00,146.6999969482422,145.02999877929688
2021-08-20 00:00:00+00:00,148.19000244140625,147.44000244140625
2021-08-23 00:00:00+00:00,149.7100067138672,148.30999755859375
2021-08-24 00:00:00+00:00,149.6199951171875,149.4499969482422
2021-08-25 00:00:00+00:00,148.36000061035156,149.80999755859375
2021-08-26 00:00:00+00:00,147.5399932861328,148.35000610351562
2021-08-27 00:00:00+00:00,148.60000610351562,147.47999572753906
2021-08-30 00:00:00+00:00,153.1199951171875,149.0
2021-08-31 00:00:00+00:00,151.8300018310547,152.66000366210938
2021-09-01 00:00:00+00:00,152.50999450683594,152.8300018310547
2021-09-02 00:00:00+00:00,153.64999389648438,153.8699951171875
2021-09-03 00:00:00+00:00,154.3000030517578,153.75999450683594
2021-09-07 00:00:00+00:00,156.69000244140625,154.97000122070312
2021-09-08 00:00:00+00:00,155.11000061035156,156.97999572753906
2021-09-09 00:00:00+00:00,154.07000732421875,155.49000549316406
2021-09-10 00:00:00+00:00,148.97000122070312,155.0
2021-09-13 00:00:00+00:00,149.5500030517578,150.6300048828125
2021-09-14 00:00:00+00:00,148.1199951171875,150.35000610351562
2021-09-15 00:00:00+00:00,149.02999877929688,148.55999755859375
2021-09-16 00:00:00+00:00,148.7899932861328,148.44000244140625
2021-09-17 00:00:00+00:00,146.05999755859375,148.82000732421875
2021-09-20 00:00:00+00:00,142.94000244140625,143.8000030517578
2021-09-21 00:00:00+00:00,143.42999267578125,143.92999267578125
2021-09-22 00:00:00+00:00,145.85000610351562,144.4499969482422
2021-09-23 00:00:00+00:00,146.8300018310547,146.64999389648438
2021-09-24 00:00:00+00:00,146.9199981689453,145.66000366210938
2021-09-27 00:00:00+00:00,145.3699951171875,145.47000122070312
2021-09-28 00:00:00+00:00,141.91000366210938,143.25
2021-09-29 00:00:00+00:00,142.8300018310547,142.47000122070312
2021-09-30 00:00:00+00:00,141.5,143.66000366210938
2021-10-01 00:00:00+00:00,142.64999389648438,141.89999389648438
2021-10-04 00:00:00+00:00,139.13999938964844,141.75999450683594
2021-10-05 00:00:00+00:00,141.11000061035156,139.49000549316406
2021-10-06 00:00:00+00:00,142.0,139.47000122070312
2021-10-07 00:00:00+00:00,143.2899932861328,143.05999755859375
2021-10-08 00:00:00+00:00,142.89999389648438,144.02999877929688
2021-10-11 00:00:00+00:00,142.80999755859375,142.27000427246094
2021-10-12 00:00:00+00:00,141.50999450683594,143.22999572753906
2021-10-13 00:00:00+00:00,140.91000366210938,141.24000549316406
2021-10-14 00:00:00+00:00,143.75999450683594,142.11000061035156
2021-10-15 00:00:00+00:00,144.83999633789062,143.77000427246094
2021-10-18 00:00:00+00:00,146.5500030517578,143.4499969482422
2021-10-19 00:00:00+00:00,148.75999450683594,147.00999450683594
2021-10-20 00:00:00+00:00,149.25999450683594,148.6999969482422
2021-10-21 00:00:00+00:00,149.47999572753906,148.80999755859375
2021-10-22 00:00:00+00:00,148.69000244140625,149.69000244140625
2021-10-25 00:00:00+00:00,148.63999938964844,148.67999267578125
2021-10-26 00:00:00+00:00,149.32000732421875,149.3300018310547
2021-10-27 00:00:00+00:00,148.85000610351562,149.36000061035156
2021-10-28 00:00:00+00:00,152.57000732421875,149.82000732421875
2021-10-29 00:00:00+00:00,149.8000030517578,147.22000122070312
2021-11-01 00:00:00+00:00,148.9600067138672,148.99000549316406
2021-11-02 00:00:00+00:00,150.02000427246094,148.66000366210938
2021-11-03 00:00:00+00:00,151.49000549316406,150.38999938964844
2021-11-04 00:00:00+00:00,150.9600067138672,151.5800018310547
2021-11-05 00:00:00+00:00,151.27999877929688,151.88999938964844
2021-11-08 00:00:00+00:00,150.44000244140625,151.41000366210938
2021-11-09 00:00:00+00:00,150.80999755859375,150.1999969482422
2021-11-10 00:00:00+00:00,147.9199981689453,150.02000427246094
2021-11-11 00:00:00+00:00,147.8699951171875,148.9600067138672
2021-11-12 00:00:00+00:00,149.99000549316406,148.42999267578125
2021-11-15 00:00:00+00:00,150.0,150.3699951171875
2021-11-16 00:00:00+00:00,151.0,149.94000244140625
2021-11-17 00:00:00+00:00,153.49000549316406,151.0
2021-11-18 00:00:00+00:00,157.8699951171875,153.7100067138672
2021-11-19 00:00:00+00:00,160.5500030517578,157.64999389648438
2021-11-22 00:00:00+00:00,161.02000427246094,161.67999267578125
2021-11-23 00:00:00+00:00,161.41000366210938,161.1199951171875
2021-11-24 00:00:00+00:00,161.94000244140625,160.75
2021-11-26 00:00:00+00:00,156.80999755859375,159.57000732421875
2021-11-29 00:00:00+00:00,160.24000549316406,159.3699951171875
2021-11-30 00:00:00+00:00,165.3000030517578,159.99000549316406
2021-12-01 00:00:00+00:00,164.77000427246094,167.47999572753906
2021-12-02 00:00:00+00:00,163.75999450683594,158.74000549316406
2021-12-03 00:00:00+00:00,161.83999633789062,164.02000427246094
2021-12-06 00:00:00+00:00,165.32000732421875,164.2899932861328
2021-12-07 00:00:00+00:00,171.17999267578125,169.0800018310547
2021-12-08 00:00:00+00:00,175.0800018310547,172.1300048828125
2021-12-09 00:00:00+00:00,174.55999755859375,174.91000366210938
2021-12-10 00:00:00+00:00,179.4499969482422,175.2100067138672
2021-12-13 00:00:00+00:00,175.74000549316406,181.1199951171875
2021-12-14 00:00:00+00:00,174.3300018310547,175.25
2021-12-15 00:00:00+00:00,179.3000030517578,175.11000061035156
2021-12-16 00:00:00+00:00,172.25999450683594,179.27999877929688
2021-12-17 00:00:00+00:00,171.13999938964844,169.92999267578125
2021-12-20 00:00:00+00:00,169.75,168.27999877929688
2021-12-21 00:00:00+00:00,172.99000549316406,171.55999755859375
2021-12-22 00:00:00+00:00,175.63999938964844,173.0399932861328
2021-12-23 00:00:00+00:00,176.27999877929688,175.85000610351562
2021-12-27 00:00:00+00:00,180.3300018310547,177.08999633789062
2021-12-28 00:00:00+00:00,179.2899932861328,180.16000366210938
2021-12-29 00:00:00+00:00,179.3800048828125,179.3300018310547
2021-12-30 00:00:00+00:00,178.1999969482422,179.47000122070312
2021-12-31 00:00:00+00:00,177.57000732421875,178.08999633789062
2022-01-03 00:00:00+00:00,182.00999450683594,177.8300018310547
2022-01-04 00:00:00+00:00,179.6999969482422,182.6300048828125
2022-01-05 00:00:00+00:00,174.9199981689453,179.61000061035156
2022-01-06 00:00:00+00:00,172.0,172.6999969482422
2022-01-07 00:00:00+00:00,172.1699981689453,172.88999938964844
2022-01-10 00:00:00+00:00,172.19000244140625,169.0800018310547
2022-01-11 00:00:00+00:00,175.0800018310547,172.32000732421875
2022-01-12 00:00:00+00:00,175.52999877929688,176.1199951171875
2022-01-13 00:00:00+00:00,172.19000244140625,175.77999877929688
2022-01-14 00:00:00+00:00,173.07000732421875,171.33999633789062
2022-01-18 00:00:00+00:00,169.8000030517578,171.50999450683594
2022-01-19 00:00:00+00:00,166.22999572753906,170.0
2022-01-20 00:00:00+00:00,164.50999450683594,166.97999572753906
2022-01-21 00:00:00+00:00,162.41000366210938,164.4199981689453
2022-01-24 00:00:00+00:00,161.6199951171875,160.02000427246094
2022-01-25 00:00:00+00:00,159.77999877929688,158.97999572753906
2022-01-26 00:00:00+00:00,159.69000244140625,163.5
2022-01-27 00:00:00+00:00,159.22000122070312,162.4499969482422
2022-01-28 00:00:00+00:00,170.3300018310547,165.7100067138672
2022-01-31 00:00:00+00:00,174.77999877929688,170.16000366210938
2022-02-01 00:00:00+00:00,174.61000061035156,174.00999450683594
2022-02-02 00:00:00+00:00,175.83999633789062,174.75
2022-02-03 00:00:00+00:00,172.89999389648438,174.47999572753906
2022-02-04 00:00:00+00:00,172.38999938964844,171.67999267578125
2022-02-07 00:00:00+00:00,171.66000366210938,172.86000061035156
2022-02-08 00:00:00+00:00,174.8300018310547,171.72999572753906
2022-02-09 00:00:00+00:00,176.27999877929688,176.0500030517578
2022-02-10 00:00:00+00:00,172.1199951171875,174.13999938964844
2022-02-11 00:00:00+00:00,168.63999938964844,172.3300018310547
2022-02-14 00:00:00+00:00,168.8800048828125,167.3699951171875
2022-02-15 00:00:00+00:00,172.7899932861328,170.97000122070312
2022-02-16 00:00:00+00:00,172.5500030517578,171.85000610351562
2022-02-17 00:00:00+00:00,168.8800048828125,171.02999877929688
2022-02-18 00:00:00+00:00,167.3000030517578,169.82000732421875
2022-02-22 00:00:00+00:00,164.32000732421875,164.97999572753906
2022-02-23 00:00:00+00:00,160.07000732421875,165.5399932861328
2022-02-24 00:00:00+00:00,162.74000549316406,152.5800018310547
2022-02-25 00:00:00+00:00,164.85000610351562,163.83999633789062
2022-02-28 00:00:00+00:00,165.1199951171875,163.05999755859375
2022-03-01 00:00:00+00:00,163.1999969482422,164.6999969482422
2022-03-02 00:00:00+00:00,166.55999755859375,164.38999938964844
2022-03-03 00:00:00+00:00,166.22999572753906,168.47000122070312
2022-03-04 00:00:00+00:00,163.1699981689453,164.49000549316406
2022-03-07 00:00:00+00:00,159.3000030517578,163.36000061035156
2022-03-08 00:00:00+00:00,157.44000244140625,158.82000732421875
2022-03-09 00:00:00+00:00,162.9499969482422,161.47999572753906
2022-03-10 00:00:00+00:00,158.52000427246094,160.1999969482422
2022-03-11 00:00:00+00:00,154.72999572753906,158.92999267578125
2022-03-14 00:00:00+00:00,150.6199951171875,151.4499969482422
2022-03-15 00:00:00+00:00,155.08999633789062,150.89999389648438
2022-03-16 00:00:00+00:00,159.58999633789062,157.0500030517578
2022-03-17 00:00:00+00:00,160.6199951171875,158.61000061035156
2022-03-18 00:00:00+00:00,163.97999572753906,160.50999450683594
2022-03-21 00:00:00+00:00,165.3800048828125,163.50999450683594
2022-03-22 00:00:00+00:00,168.82000732421875,165.50999450683594
2022-03-23 00:00:00+00:00,170.2100067138672,167.99000549316406
2022-03-24 00:00:00+00:00,174.07000732421875,171.05999755859375
2022-03-25 00:00:00+00:00,174.72000122070312,173.8800048828125
2022-03-28 00:00:00+00:00,175.60000610351562,172.1699981689453
2022-03-29 00:00:00+00:00,178.9600067138672,176.69000244140625
2022-03-30 00:00:00+00:00,177.77000427246094,178.5500030517578
2022-03-31 00:00:00+00:00,174.61000061035156,177.83999633789062
2022-04-01 00:00:00+00:00,174.30999755859375,174.02999877929688
2022-04-04 00:00:00+00:00,178.44000244140625,174.57000732421875
2022-04-05 00:00:00+00:00,175.05999755859375,177.5
2022-04-06 00:00:00+00:00,171.8300018310547,172.36000061035156
2022-04-07 00:00:00+00:00,172.13999938964844,171.16000366210938
2022-04-08 00:00:00+00:00,170.08999633789062,171.77999877929688
2022-04-11 00:00:00+00:00,165.75,168.7100067138672
2022-04-12 00:00:00+00:00,167.66000366210938,168.02000427246094
2022-04-13 00:00:00+00:00,170.39999389648438,167.38999938964844
2022-04-14 00:00:00+00:00,165.2899932861328,170.6199951171875
2022-04-18 00:00:00+00:00,165.07000732421875,163.9199981689453
2022-04-19 00:00:00+00:00,167.39999389648438,165.02000427246094
2022-04-20 00:00:00+00:00,167.22999572753906,168.75999450683594
2022-04-21 00:00:00+00:00,166.4199981689453,168.91000366210938
2022-04-22 00:00:00+00:00,161.7899932861328,166.4600067138672
2022-04-25 00:00:00+00:00,162.8800048828125,161.1199951171875
2022-04-26 00:00:00+00:00,156.8000030517578,162.25
2022-04-27 00:00:00+00:00,156.57000732421875,155.91000366210938
2022-04-28 00:00:00+00:00,163.63999938964844,159.25
2022-04-29 00:00:00+00:00,157.64999389648438,161.83999633789062
2022-05-02 00:00:00+00:00,157.9600067138672,156.7100067138672
2022-05-03 00:00:00+00:00,159.47999572753906,158.14999389648438
2022-05-04 00:00:00+00:00,166.02000427246094,159.6699981689453
2022-05-05 00:00:00+00:00,156.77000427246094,163.85000610351562
2022-05-06 00:00:00+00:00,157.27999877929688,156.00999450683594
2022-05-09 00:00:00+00:00,152.05999755859375,154.92999267578125
2022-05-10 00:00:00+00:00,154.50999450683594,155.52000427246094
2022-05-11 00:00:00+00:00,146.5,153.5
2022-05-12 00:00:00+00:00,142.55999755859375,142.77000427246094
2022-05-13 00:00:00+00:00,147.11000061035156,144.58999633789062
2022-05-16 00:00:00+00:00,145.5399932861328,145.5500030517578
2022-05-17 00:00:00+00:00,149.24000549316406,148.86000061035156
2022-05-18 00:00:00+00:00,140.82000732421875,146.85000610351562
2022-05-19 00:00:00+00:00,137.35000610351562,139.8800048828125
2022-05-20 00:00:00+00:00,137.58999633789062,139.08999633789062
2022-05-23 00:00:00+00:00,143.11000061035156,137.7899932861328
2022-05-24 00:00:00+00:00,140.36000061035156,140.80999755859375
2022-05-25 00:00:00+00:00,140.52000427246094,138.42999267578125
2022-05-26 00:00:00+00:00,143.77999877929688,137.38999938964844
2022-05-27 00:00:00+00:00,149.63999938964844,145.38999938964844
2022-05-31 00:00:00+00:00,148.83999633789062,149.07000732421875
2022-06-01 00:00:00+00:00,148.7100067138672,149.89999389648438
2022-06-02 00:00:00+00:00,151.2100067138672,147.8300018310547
2022-06-03 00:00:00+00:00,145.3800048828125,146.89999389648438
2022-06-06 00:00:00+00:00,146.13999938964844,147.02999877929688
2022-06-07 00:00:00+00:00,148.7100067138672,144.35000610351562
2022-06-08 00:00:00+00:00,147.9600067138672,148.5800018310547
2022-06-09 00:00:00+00:00,142.63999938964844,147.0800018310547
2022-06-10 00:00:00+00:00,137.1300048828125,140.27999877929688
2022-06-13 00:00:00+00:00,131.8800048828125,132.8699951171875
2022-06-14 00:00:00+00:00,132.75999450683594,133.1300048828125
2022-06-15 00:00:00+00:00,135.42999267578125,134.2899932861328
2022-06-16 00:00:00+00:00,130.05999755859375,132.0800018310547
2022-06-17 00:00:00+00:00,131.55999755859375,130.07000732421875
2022-06-21 00:00:00+00:00,135.8699951171875,133.4199981689453
2022-06-22 00:00:00+00:00,135.35000610351562,134.7899932861328
2022-06-23 00:00:00+00:00,138.27000427246094,136.82000732421875
2022-06-24 00:00:00+00:00,141.66000366210938,139.89999389648438
2022-06-27 00:00:00+00:00,141.66000366210938,142.6999969482422
2022-06-28 00:00:00+00:00,137.44000244140625,142.1300048828125
2022-06-29 00:00:00+00:00,139.22999572753906,137.4600067138672
2022-06-30 00:00:00+00:00,136.72000122070312,137.25
2022-07-01 00:00:00+00:00,138.92999267578125,136.0399932861328
2022-07-05 00:00:00+00:00,141.55999755859375,137.77000427246094
2022-07-06 00:00:00+00:00,142.9199981689453,141.35000610351562
2022-07-07 00:00:00+00:00,146.35000610351562,143.2899932861328
2022-07-08 00:00:00+00:00,147.0399932861328,145.25999450683594
2022-07-11 00:00:00+00:00,144.8699951171875,145.6699981689453
2022-07-12 00:00:00+00:00,145.86000061035156,145.75999450683594
2022-07-13 00:00:00+00:00,145.49000549316406,142.99000549316406
2022-07-14 00:00:00+00:00,148.47000122070312,144.0800018310547
2022-07-15 00:00:00+00:00,150.1699981689453,149.77999877929688
2022-07-18 00:00:00+00:00,147.07000732421875,150.74000549316406
2022-07-19 00:00:00+00:00,151.0,147.9199981689453
2022-07-20 00:00:00+00:00,153.0399932861328,151.1199951171875
2022-07-21 00:00:00+00:00,155.35000610351562,154.5
2022-07-22 00:00:00+00:00,154.08999633789062,155.38999938964844
2022-07-25 00:00:00+00:00,152.9499969482422,154.00999450683594
2022-07-26 00:00:00+00:00,151.60000610351562,152.25999450683594
2022-07-27 00:00:00+00:00,156.7899932861328,152.5800018310547
2022-07-28 00:00:00+00:00,157.35000610351562,156.97999572753906
2022-07-29 00:00:00+00:00,162.50999450683594,161.24000549316406
2022-08-01 00:00:00+00:00,161.50999450683594,161.00999450683594
2022-08-02 00:00:00+00:00,160.00999450683594,160.10000610351562
2022-08-03 00:00:00+00:00,166.1300048828125,160.83999633789062
2022-08-04 00:00:00+00:00,165.80999755859375,166.00999450683594
2022-08-05 00:00:00+00:00,165.35000610351562,163.2100067138672
2022-08-08 00:00:00+00:00,164.8699951171875,166.3699951171875
2022-08-09 00:00:00+00:00,164.9199981689453,164.02000427246094
2022-08-10 00:00:00+00:00,169.24000549316406,167.67999267578125
2022-08-11 00:00:00+00:00,168.49000549316406,170.05999755859375
2022-08-12 00:00:00+00:00,172.10000610351562,169.82000732421875
2022-08-15 00:00:00+00:00,173.19000244140625,171.52000427246094
2022-08-16 00:00:00+00:00,173.02999877929688,172.77999877929688
2022-08-17 00:00:00+00:00,174.5500030517578,172.77000427246094
2022-08-18 00:00:00+00:00,174.14999389648438,173.75
2022-08-19 00:00:00+00:00,171.52000427246094,173.02999877929688
2022-08-22 00:00:00+00:00,167.57000732421875,169.69000244140625
2022-08-23 00:00:00+00:00,167.22999572753906,167.0800018310547
2022-08-24 00:00:00+00:00,167.52999877929688,167.32000732421875
2022-08-25 00:00:00+00:00,170.02999877929688,168.77999877929688
2022-08-26 00:00:00+00:00,163.6199951171875,170.57000732421875
2022-08-29 00:00:00+00:00,161.3800048828125,161.14999389648438
2022-08-30 00:00:00+00:00,158.91000366210938,162.1300048828125
2022-08-31 00:00:00+00:00,157.22000122070312,160.30999755859375
2022-09-01 00:00:00+00:00,157.9600067138672,156.63999938964844
2022-09-02 00:00:00+00:00,155.80999755859375,159.75
2022-09-06 00:00:00+00:00,154.52999877929688,156.47000122070312
2022-09-07 00:00:00+00:00,155.9600067138672,154.82000732421875
2022-09-08 00:00:00+00:00,154.4600067138672,154.63999938964844
2022-09-09 00:00:00+00:00,157.3699951171875,155.47000122070312
2022-09-12 00:00:00+00:00,163.42999267578125,159.58999633789062
2022-09-13 00:00:00+00:00,153.83999633789062,159.89999389648438
2022-09-14 00:00:00+00:00,155.30999755859375,154.7899932861328
2022-09-15 00:00:00+00:00,152.3699951171875,154.64999389648438
2022-09-16 00:00:00+00:00,150.6999969482422,151.2100067138672
2022-09-19 00:00:00+00:00,154.47999572753906,149.30999755859375
2022-09-20 00:00:00+00:00,156.89999389648438,153.39999389648438
2022-09-21 00:00:00+00:00,153.72000122070312,157.33999633789062
2022-09-22 00:00:00+00:00,152.74000549316406,152.3800048828125
2022-09-23 00:00:00+00:00,150.42999267578125,151.19000244140625
2022-09-26 00:00:00+00:00,150.77000427246094,149.66000366210938
2022-09-27 00:00:00+00:00,151.75999450683594,152.74000549316406
2022-09-28 00:00:00+00:00,149.83999633789062,147.63999938964844
2022-09-29 00:00:00+00:00,142.47999572753906,146.10000610351562
2022-09-30 00:00:00+00:00,138.1999969482422,141.27999877929688
2022-10-03 00:00:00+00:00,142.4499969482422,138.2100067138672
2022-10-04 00:00:00+00:00,146.10000610351562,145.02999877929688
2022-10-05 00:00:00+00:00,146.39999389648438,144.07000732421875
2022-10-06 00:00:00+00:00,145.42999267578125,145.80999755859375
2022-10-07 00:00:00+00:00,140.08999633789062,142.5399932861328
2022-10-10 00:00:00+00:00,140.4199981689453,140.4199981689453
2022-10-11 00:00:00+00:00,138.97999572753906,139.89999389648438
2022-10-12 00:00:00+00:00,138.33999633789062,139.1300048828125
2022-10-13 00:00:00+00:00,142.99000549316406,134.99000549316406
2022-10-14 00:00:00+00:00,138.3800048828125,144.30999755859375
2022-10-17 00:00:00+00:00,142.41000366210938,141.07000732421875
2022-10-18 00:00:00+00:00,143.75,145.49000549316406
2022-10-19 00:00:00+00:00,143.86000061035156,141.69000244140625
2022-10-20 00:00:00+00:00,143.38999938964844,143.02000427246094
2022-10-21 00:00:00+00:00,147.27000427246094,142.8699951171875
2022-10-24 00:00:00+00:00,149.4499969482422,147.19000244140625
2022-10-25 00:00:00+00:00,152.33999633789062,150.08999633789062
2022-10-26 00:00:00+00:00,149.35000610351562,150.9600067138672
2022-10-27 00:00:00+00:00,144.8000030517578,148.07000732421875
2022-10-28 00:00:00+00:00,155.74000549316406,148.1999969482422
2022-10-31 00:00:00+00:00,153.33999633789062,153.16000366210938
2022-11-01 00:00:00+00:00,150.64999389648438,155.0800018310547
2022-11-02 00:00:00+00:00,145.02999877929688,148.9499969482422
2022-11-03 00:00:00+00:00,138.8800048828125,142.05999755859375
2022-11-04 00:00:00+00:00,138.3800048828125,142.08999633789062
2022-11-07 00:00:00+00:00,138.9199981689453,137.11000061035156
2022-11-08 00:00:00+00:00,139.5,140.41000366210938
2022-11-09 00:00:00+00:00,134.8699951171875,138.5
2022-11-10 00:00:00+00:00,146.8699951171875,141.24000549316406
2022-11-11 00:00:00+00:00,149.6999969482422,145.82000732421875
2022-11-14 00:00:00+00:00,148.27999877929688,148.97000122070312
2022-11-15 00:00:00+00:00,150.0399932861328,152.22000122070312
2022-11-16 00:00:00+00:00,148.7899932861328,149.1300048828125
2022-11-17 00:00:00+00:00,150.72000122070312,146.42999267578125
2022-11-18 00:00:00+00:00,151.2899932861328,152.30999755859375
2022-11-21 00:00:00+00:00,148.00999450683594,150.16000366210938
2022-11-22 00:00:00+00:00,150.17999267578125,148.1300048828125
2022-11-23 00:00:00+00:00,151.07000732421875,149.4499969482422
2022-11-25 00:00:00+00:00,148.11000061035156,148.30999755859375
2022-11-28 00:00:00+00:00,144.22000122070312,145.13999938964844
2022-11-29 00:00:00+00:00,141.1699981689453,144.2899932861328
2022-11-30 00:00:00+00:00,148.02999877929688,141.39999389648438
2022-12-01 00:00:00+00:00,148.30999755859375,148.2100067138672
2022-12-02 00:00:00+00:00,147.80999755859375,145.9600067138672
2022-12-05 00:00:00+00:00,146.6300048828125,147.77000427246094
2022-12-06 00:00:00+00:00,142.91000366210938,147.07000732421875
2022-12-07 00:00:00+00:00,140.94000244140625,142.19000244140625
2022-12-08 00:00:00+00:00,142.64999389648438,142.36000061035156
2022-12-09 00:00:00+00:00,142.16000366210938,142.33999633789062
2022-12-12 00:00:00+00:00,144.49000549316406,142.6999969482422
2022-12-13 00:00:00+00:00,145.47000122070312,149.5
2022-12-14 00:00:00+00:00,143.2100067138672,145.35000610351562
2022-12-15 00:00:00+00:00,136.5,141.11000061035156
2022-12-16 00:00:00+00:00,134.50999450683594,136.69000244140625
2022-12-19 00:00:00+00:00,132.3699951171875,135.11000061035156
2022-12-20 00:00:00+00:00,132.3000030517578,131.38999938964844
2022-12-21 00:00:00+00:00,135.4499969482422,132.97999572753906
2022-12-22 00:00:00+00:00,132.22999572753906,134.35000610351562
2022-12-23 00:00:00+00:00,131.86000061035156,130.9199981689453
2022-12-27 00:00:00+00:00,130.02999877929688,131.3800048828125
2022-12-28 00:00:00+00:00,126.04000091552734,129.6699981689453
2022-12-29 00:00:00+00:00,129.61000061035156,127.98999786376953
2022-12-30 00:00:00+00:00,129.92999267578125,128.41000366210938
2023-01-03 00:00:00+00:00,125.06999969482422,130.27999877929688
2023-01-04 00:00:00+00:00,126.36000061035156,126.88999938964844
2023-01-05 00:00:00+00:00,125.0199966430664,127.12999725341797
2023-01-06 00:00:00+00:00,129.6199951171875,126.01000213623047
2023-01-09 00:00:00+00:00,130.14999389648438,130.47000122070312
2023-01-10 00:00:00+00:00,130.72999572753906,130.25999450683594
2023-01-11 00:00:00+00:00,133.49000549316406,131.25
2023-01-12 00:00:00+00:00,133.41000366210938,133.8800048828125
2023-01-13 00:00:00+00:00,134.75999450683594,132.02999877929688
2023-01-17 00:00:00+00:00,135.94000244140625,134.8300018310547
2023-01-18 00:00:00+00:00,135.2100067138672,136.82000732421875
2023-01-19 00:00:00+00:00,135.27000427246094,134.0800018310547
2023-01-20 00:00:00+00:00,137.8699951171875,135.27999877929688
2023-01-23 00:00:00+00:00,141.11000061035156,138.1199951171875
2023-01-24 00:00:00+00:00,142.52999877929688,140.30999755859375
2023-01-25 00:00:00+00:00,141.86000061035156,140.88999938964844
2023-01-26 00:00:00+00:00,143.9600067138672,143.1699981689453
2023-01-27 00:00:00+00:00,145.92999267578125,143.16000366210938
2023-01-30 00:00:00+00:00,143.0,144.9600067138672
2023-01-31 00:00:00+00:00,144.2899932861328,142.6999969482422
2023-02-01 00:00:00+00:00,145.42999267578125,143.97000122070312
2023-02-02 00:00:00+00:00,150.82000732421875,148.89999389648438
2023-02-03 00:00:00+00:00,154.5,148.02999877929688
2023-02-06 00:00:00+00:00,151.72999572753906,152.57000732421875
2023-02-07 00:00:00+00:00,154.64999389648438,150.63999938964844
2023-02-08 00:00:00+00:00,151.9199981689453,153.8800048828125
2023-02-09 00:00:00+00:00,150.8699951171875,153.77999877929688
2023-02-10 00:00:00+00:00,151.00999450683594,149.4600067138672
2023-02-13 00:00:00+00:00,153.85000610351562,150.9499969482422
2023-02-14 00:00:00+00:00,153.1999969482422,152.1199951171875
2023-02-15 00:00:00+00:00,155.3300018310547,153.11000061035156
2023-02-16 00:00:00+00:00,153.7100067138672,153.50999450683594
2023-02-17 00:00:00+00:00,152.5500030517578,152.35000610351562
2023-02-21 00:00:00+00:00,148.47999572753906,150.1999969482422
2023-02-22 00:00:00+00:00,148.91000366210938,148.8699951171875
2023-02-23 00:00:00+00:00,149.39999389648438,150.08999633789062
2023-02-24 00:00:00+00:00,146.7100067138672,147.11000061035156
2023-02-27 00:00:00+00:00,147.9199981689453,147.7100067138672
2023-02-28 00:00:00+00:00,147.41000366210938,147.0500030517578
2023-03-01 00:00:00+00:00,145.30999755859375,146.8300018310547
2023-03-02 00:00:00+00:00,145.91000366210938,144.3800048828125
2023-03-03 00:00:00+00:00,151.02999877929688,148.0399932861328
2023-03-06 00:00:00+00:00,153.8300018310547,153.7899932861328
2023-03-07 00:00:00+00:00,151.60000610351562,153.6999969482422
2023-03-08 00:00:00+00:00,152.8699951171875,152.80999755859375
2023-03-09 00:00:00+00:00,150.58999633789062,153.55999755859375
2023-03-10 00:00:00+00:00,148.5,150.2100067138672
2023-03-13 00:00:00+00:00,150.47000122070312,147.80999755859375
2023-03-14 00:00:00+00:00,152.58999633789062,151.27999877929688
2023-03-15 00:00:00+00:00,152.99000549316406,151.19000244140625
2023-03-16 00:00:00+00:00,155.85000610351562,152.16000366210938
2023-03-17 00:00:00+00:00,155.0,156.0800018310547
2023-03-20 00:00:00+00:00,157.39999389648438,155.07000732421875
2023-03-21 00:00:00+00:00,159.27999877929688,157.32000732421875
2023-03-22 00:00:00+00:00,157.8300018310547,159.3000030517578
2023-03-23 00:00:00+00:00,158.92999267578125,158.8300018310547
2023-03-24 00:00:00+00:00,160.25,158.86000061035156
2023-03-27 00:00:00+00:00,158.27999877929688,159.94000244140625
2023-03-28 00:00:00+00:00,157.64999389648438,157.97000122070312
2023-03-29 00:00:00+00:00,160.77000427246094,159.3699951171875
2023-03-30 00:00:00+00:00,162.36000061035156,161.52999877929688
2023-03-31 00:00:00+00:00,164.89999389648438,162.44000244140625
2023-04-03 00:00:00+00:00,166.1699981689453,164.27000427246094
2023-04-04 00:00:00+00:00,165.6300048828125,166.60000610351562
2023-04-05 00:00:00+00:00,163.75999450683594,164.74000549316406
2023-04-06 00:00:00+00:00,164.66000366210938,162.42999267578125
2023-04-10 00:00:00+00:00,162.02999877929688,161.4199981689453
2023-04-11 00:00:00+00:00,160.8000030517578,162.35000610351562
2023-04-12 00:00:00+00:00,160.10000610351562,161.22000122070312
2023-04-13 00:00:00+00:00,165.55999755859375,161.6300048828125
2023-04-14 00:00:00+00:00,165.2100067138672,164.58999633789062
2023-04-17 00:00:00+00:00,165.22999572753906,165.08999633789062
2023-04-18 00:00:00+00:00,166.47000122070312,166.10000610351562
2023-04-19 00:00:00+00:00,167.6300048828125,165.8000030517578
2023-04-20 00:00:00+00:00,166.64999389648438,166.08999633789062
2023-04-21 00:00:00+00:00,165.02000427246094,165.0500030517578
2023-04-24 00:00:00+00:00,165.3300018310547,165.0
2023-04-25 00:00:00+00:00,163.77000427246094,165.19000244140625
2023-04-26 00:00:00+00:00,163.75999450683594,163.05999755859375
2023-04-27 00:00:00+00:00,168.41000366210938,165.19000244140625
2023-04-28 00:00:00+00:00,169.67999267578125,168.49000549316406
2023-05-01 00:00:00+00:00,169.58999633789062,169.27999877929688
2023-05-02 00:00:00+00:00,168.5399932861328,170.08999633789062
2023-05-03 00:00:00+00:00,167.4499969482422,169.5
2023-05-04 00:00:00+00:00,165.7899932861328,164.88999938964844
2023-05-05 00:00:00+00:00,173.57000732421875,170.97999572753906
2023-05-08 00:00:00+00:00,173.5,172.47999572753906
2023-05-09 00:00:00+00:00,171.77000427246094,173.0500030517578
2023-05-10 00:00:00+00:00,173.55999755859375,173.02000427246094
2023-05-11 00:00:00+00:00,173.75,173.85000610351562
2023-05-12 00:00:00+00:00,172.57000732421875,173.6199951171875
2023-05-15 00:00:00+00:00,172.07000732421875,173.16000366210938
2023-05-16 00:00:00+00:00,172.07000732421875,171.99000549316406
2023-05-17 00:00:00+00:00,172.69000244140625,171.7100067138672
2023-05-18 00:00:00+00:00,175.0500030517578,173.0
2023-05-19 00:00:00+00:00,175.16000366210938,176.38999938964844
2023-05-22 00:00:00+00:00,174.1999969482422,173.97999572753906
2023-05-23 00:00:00+00:00,171.55999755859375,173.1300048828125
2023-05-24 00:00:00+00:00,171.83999633789062,171.08999633789062
2023-05-25 00:00:00+00:00,172.99000549316406,172.41000366210938
2023-05-26 00:00:00+00:00,175.42999267578125,173.32000732421875
2023-05-30 00:00:00+00:00,177.3000030517578,176.9600067138672
2023-05-31 00:00:00+00:00,177.25,177.3300018310547
2023-06-01 00:00:00+00:00,180.08999633789062,177.6999969482422
2023-06-02 00:00:00+00:00,180.9499969482422,181.02999877929688
2023-06-05 00:00:00+00:00,179.5800018310547,182.6300048828125
2023-06-06 00:00:00+00:00,179.2100067138672,179.97000122070312
2023-06-07 00:00:00+00:00,177.82000732421875,178.44000244140625
2023-06-08 00:00:00+00:00,180.57000732421875,177.89999389648438
2023-06-09 00:00:00+00:00,180.9600067138672,181.5
2023-06-12 00:00:00+00:00,183.7899932861328,181.27000427246094
2023-06-13 00:00:00+00:00,183.30999755859375,182.8000030517578
2023-06-14 00:00:00+00:00,183.9499969482422,183.3699951171875
2023-06-15 00:00:00+00:00,186.00999450683594,183.9600067138672
2023-06-16 00:00:00+00:00,184.9199981689453,186.72999572753906
2023-06-20 00:00:00+00:00,185.00999450683594,184.41000366210938
2023-06-21 00:00:00+00:00,183.9600067138672,184.89999389648438
2023-06-22 00:00:00+00:00,187.0,183.74000549316406
2023-06-23 00:00:00+00:00,186.67999267578125,185.5500030517578
2023-06-26 00:00:00+00:00,185.27000427246094,186.8300018310547
2023-06-27 00:00:00+00:00,188.05999755859375,185.88999938964844
2023-06-28 00:00:00+00:00,189.25,187.92999267578125
2023-06-29 00:00:00+00:00,189.58999633789062,189.0800018310547
2023-06-30 00:00:00+00:00,193.97000122070312,191.6300048828125
2023-07-03 00:00:00+00:00,192.4600067138672,193.77999877929688
2023-07-05 00:00:00+00:00,191.3300018310547,191.57000732421875
2023-07-06 00:00:00+00:00,191.80999755859375,189.83999633789062
2023-07-07 00:00:00+00:00,190.67999267578125,191.41000366210938
2023-07-10 00:00:00+00:00,188.61000061035156,189.25999450683594
2023-07-11 00:00:00+00:00,188.0800018310547,189.16000366210938
2023-07-12 00:00:00+00:00,189.77000427246094,189.67999267578125
2023-07-13 00:00:00+00:00,190.5399932861328,190.5
2023-07-14 00:00:00+00:00,190.69000244140625,190.22999572753906
2023-07-17 00:00:00+00:00,193.99000549316406,191.89999389648438
2023-07-18 00:00:00+00:00,193.72999572753906,193.35000610351562
2023-07-19 00:00:00+00:00,195.10000610351562,193.10000610351562
2023-07-20 00:00:00+00:00,193.1300048828125,195.08999633789062
2023-07-21 00:00:00+00:00,191.94000244140625,194.10000610351562
2023-07-24 00:00:00+00:00,192.75,193.41000366210938
2023-07-25 00:00:00+00:00,193.6199951171875,193.3300018310547
2023-07-26 00:00:00+00:00,194.5,193.6699981689453
2023-07-27 00:00:00+00:00,193.22000122070312,196.02000427246094
2023-07-28 00:00:00+00:00,195.8300018310547,194.6699981689453
2023-07-31 00:00:00+00:00,196.4499969482422,196.05999755859375
2023-08-01 00:00:00+00:00,195.61000061035156,196.24000549316406
2023-08-02 00:00:00+00:00,192.5800018310547,195.0399932861328
2023-08-03 00:00:00+00:00,191.1699981689453,191.57000732421875
2023-08-04 00:00:00+00:00,181.99000549316406,185.52000427246094
2023-08-07 00:00:00+00:00,178.85000610351562,182.1300048828125
2023-08-08 00:00:00+00:00,179.8000030517578,179.69000244140625
2023-08-09 00:00:00+00:00,178.19000244140625,180.8699951171875
2023-08-10 00:00:00+00:00,177.97000122070312,179.47999572753906
2023-08-11 00:00:00+00:00,177.7899932861328,177.32000732421875
2023-08-14 00:00:00+00:00,179.4600067138672,177.97000122070312
2023-08-15 00:00:00+00:00,177.4499969482422,178.8800048828125
2023-08-16 00:00:00+00:00,176.57000732421875,177.1300048828125
2023-08-17 00:00:00+00:00,174.0,177.13999938964844
2023-08-18 00:00:00+00:00,174.49000549316406,172.3000030517578
2023-08-21 00:00:00+00:00,175.83999633789062,175.07000732421875
2023-08-22 00:00:00+00:00,177.22999572753906,177.05999755859375
2023-08-23 00:00:00+00:00,181.1199951171875,178.52000427246094
2023-08-24 00:00:00+00:00,176.3800048828125,180.6699981689453
2023-08-25 00:00:00+00:00,178.61000061035156,177.3800048828125
2023-08-28 00:00:00+00:00,180.19000244140625,180.08999633789062
2023-08-29 00:00:00+00:00,184.1199951171875,179.6999969482422
2023-08-30 00:00:00+00:00,187.64999389648438,184.94000244140625
2023-08-31 00:00:00+00:00,187.8699951171875,187.83999633789062
2023-09-01 00:00:00+00:00,189.4600067138672,189.49000549316406
2023-09-05 00:00:00+00:00,189.6999969482422,188.27999877929688
2023-09-06 00:00:00+00:00,182.91000366210938,188.39999389648438
2023-09-07 00:00:00+00:00,177.55999755859375,175.17999267578125
2023-09-08 00:00:00+00:00,178.17999267578125,178.35000610351562
2023-09-11 00:00:00+00:00,179.36000061035156,180.07000732421875
2023-09-12 00:00:00+00:00,176.3000030517578,179.49000549316406
2023-09-13 00:00:00+00:00,174.2100067138672,176.50999450683594
2023-09-14 00:00:00+00:00,175.74000549316406,174.0
2023-09-15 00:00:00+00:00,175.00999450683594,176.47999572753906
2023-09-18 00:00:00+00:00,177.97000122070312,176.47999572753906
2023-09-19 00:00:00+00:00,179.07000732421875,177.52000427246094
2023-09-20 00:00:00+00:00,175.49000549316406,179.25999450683594
2023-09-21 00:00:00+00:00,173.92999267578125,174.5500030517578
2023-09-22 00:00:00+00:00,174.7899932861328,174.6699981689453
2023-09-25 00:00:00+00:00,176.0800018310547,174.1999969482422
2023-09-26 00:00:00+00:00,171.9600067138672,174.82000732421875
2023-09-27 00:00:00+00:00,170.42999267578125,172.6199951171875
2023-09-28 00:00:00+00:00,170.69000244140625,169.33999633789062
2023-09-29 00:00:00+00:00,171.2100067138672,172.02000427246094
2023-10-02 00:00:00+00:00,173.75,171.22000122070312
2023-10-03 00:00:00+00:00,172.39999389648438,172.25999450683594
2023-10-04 00:00:00+00:00,173.66000366210938,171.08999633789062
2023-10-05 00:00:00+00:00,174.91000366210938,173.7899932861328
2023-10-06 00:00:00+00:00,177.49000549316406,173.8000030517578
2023-10-09 00:00:00+00:00,178.99000549316406,176.80999755859375
2023-10-10 00:00:00+00:00,178.38999938964844,178.10000610351562
2023-10-11 00:00:00+00:00,179.8000030517578,178.1999969482422
2023-10-12 00:00:00+00:00,180.7100067138672,180.07000732421875
2023-10-13 00:00:00+00:00,178.85000610351562,181.4199981689453
2023-10-16 00:00:00+00:00,178.72000122070312,176.75
2023-10-17 00:00:00+00:00,177.14999389648438,176.64999389648438
2023-10-18 00:00:00+00:00,175.83999633789062,175.5800018310547
2023-10-19 00:00:00+00:00,175.4600067138672,176.0399932861328
2023-10-20 00:00:00+00:00,172.8800048828125,175.30999755859375
2023-10-23 00:00:00+00:00,173.0,170.91000366210938
2023-10-24 00:00:00+00:00,173.44000244140625,173.0500030517578
2023-10-25 00:00:00+00:00,171.10000610351562,171.8800048828125
2023-10-26 00:00:00+00:00,166.88999938964844,170.3699951171875
2023-10-27 00:00:00+00:00,168.22000122070312,166.91000366210938
2023-10-30 00:00:00+00:00,170.2899932861328,169.02000427246094
2023-10-31 00:00:00+00:00,170.77000427246094,169.35000610351562
2023-11-01 00:00:00+00:00,173.97000122070312,171.0
2023-11-02 00:00:00+00:00,177.57000732421875,175.52000427246094
2023-11-03 00:00:00+00:00,176.64999389648438,174.24000549316406
2023-11-06 00:00:00+00:00,179.22999572753906,176.3800048828125
2023-11-07 00:00:00+00:00,181.82000732421875,179.17999267578125
2023-11-08 00:00:00+00:00,182.88999938964844,182.35000610351562
2023-11-09 00:00:00+00:00,182.41000366210938,182.9600067138672
2023-11-10 00:00:00+00:00,186.39999389648438,183.97000122070312
2023-11-13 00:00:00+00:00,184.8000030517578,185.82000732421875
2023-11-14 00:00:00+00:00,187.44000244140625,187.6999969482422
2023-11-15 00:00:00+00:00,188.00999450683594,187.85000610351562
2023-11-16 00:00:00+00:00,189.7100067138672,189.57000732421875
2023-11-17 00:00:00+00:00,189.69000244140625,190.25
2023-11-20 00:00:00+00:00,191.4499969482422,189.88999938964844
2023-11-21 00:00:00+00:00,190.63999938964844,191.41000366210938
2023-11-22 00:00:00+00:00,191.30999755859375,191.49000549316406
2023-11-24 00:00:00+00:00,189.97000122070312,190.8699951171875
2023-11-27 00:00:00+00:00,189.7899932861328,189.9199981689453
2023-11-28 00:00:00+00:00,190.39999389648438,189.77999877929688
2023-11-29 00:00:00+00:00,189.3699951171875,190.89999389648438
2023-11-30 00:00:00+00:00,189.9499969482422,189.83999633789062
2023-12-01 00:00:00+00:00,191.24000549316406,190.3300018310547
2023-12-04 00:00:00+00:00,189.42999267578125,189.97999572753906
2023-12-05 00:00:00+00:00,193.4199981689453,190.2100067138672
2023-12-06 00:00:00+00:00,192.32000732421875,194.4499969482422
2023-12-07 00:00:00+00:00,194.27000427246094,193.6300048828125
2023-12-08 00:00:00+00:00,195.7100067138672,194.1999969482422
2023-12-11 00:00:00+00:00,193.17999267578125,193.11000061035156
2023-12-12 00:00:00+00:00,194.7100067138672,193.0800018310547
2023-12-13 00:00:00+00:00,197.9600067138672,195.08999633789062
2023-12-14 00:00:00+00:00,198.11000061035156,198.02000427246094
2023-12-15 00:00:00+00:00,197.57000732421875,197.52999877929688
2023-12-18 00:00:00+00:00,195.88999938964844,196.08999633789062
2023-12-19 00:00:00+00:00,196.94000244140625,196.16000366210938
2023-12-20 00:00:00+00:00,194.8300018310547,196.89999389648438
2023-12-21 00:00:00+00:00,194.67999267578125,196.10000610351562
2023-12-22 00:00:00+00:00,193.60000610351562,195.17999267578125
2023-12-26 00:00:00+00:00,193.0500030517578,193.61000061035156
2023-12-27 00:00:00+00:00,193.14999389648438,192.49000549316406
2023-12-28 00:00:00+00:00,193.5800018310547,194.13999938964844
2023-12-29 00:00:00+00:00,192.52999877929688,193.89999389648438
